"ms","run_times.2.length.run_times.."
2,12.4469759464264
3,15.1533401012421
4,21.9948289394379
5,23.9793758392334
6,408.676599025726
