"ms","run_times.2.length.run_times.."
2,19.0650599002838
3,29.4741308689117
4,81.8763837814331
5,536.744637012482
