ARI BOS,ARI GOD,ARI KMeans,ARI GMM
0.7466367684158179,0.928183653047322,0.9883281297368888,0.9880656006141032
0.7187289589957987,0.8745533187842187,0.9928290502214607,0.9930933952149378
0.9762515685435242,0.24565654922734972,1.0,1.0
