ARI BOS,ARI GOD,ARI KMeans,ARI GMM
0.3885596180685041,0.3672299615958889,0.18904801634256144,0.19195025175174274
0.8550720024801495,0.8397156025421098,0.39484514980340724,0.4504456264315456
0.9716849989736306,0.9626884578152981,0.6905530626360594,0.5796646253648415
