ARI BOS,ARI GOD,ARI KMeans,ARI GMM
0.0,-0.0004591960688281718,-0.00048317170901508553,-0.00048317170901508553
0.0,-0.0005326527828779754,0.0010342217976484207,0.0006187792377064507
0.0,0.0,0.002533785613366122,0.0022885310447571697
