ARI BOS,ARI GOD,ARI KMeans,ARI GMM
0.26028523791595737,0.49426282328422233,0.30817728209311174,0.30817728209311174
0.5476969071833891,0.8282673009182651,0.4805630586154007,0.49903226484551405
0.7066688781082804,0.8294846826430966,0.6487290963964989,0.6136842310555173
